"Sample_ID","Group","Lysosome_Subtype","PC1","PC2","PC3","PC4","PC5","SLC7A14","ACP5","SLC2A13","RAMP3","CLTC"
"GSM388217","AD","Cluster_1",-0.586927414824175,-0.971744387820873,0.662707498552516,0.575640441760213,0.419032797168454,5.14094149716214,3.40012479429582,5.72865378716586,4.5610271716557,5.67294029006307
"GSM388218","AD","Cluster_1",-0.631207457236257,-1.5718074051503,-0.28961100627234,0.551175904609721,0.272204908869721,6.11473538138573,3.51464032422101,6.67060355664828,5.67119909269091,6.10618090536646
"GSM388219","AD","Cluster_1",-0.864461834116103,-1.08799685348953,-0.809133192353428,-0.528069240694495,0.655767253504962,6.35232501747604,4.99042023396709,6.58570053073282,5.1659933305639,6.56582784276537
"GSM388220","AD","Cluster_1",-0.985879551737349,-1.48468662705667,0.845157077806704,-0.194891090636494,-0.378730849495082,5.98971388907161,3.80915666472659,5.65549374709735,4.59733995770255,4.10672497109997
"GSM388221","AD","Cluster_1",-2.46670288851449,-0.739408482300167,0.462435874917899,-0.167486437055225,-0.00754074583956247,4.80488205923323,5.11847103881823,6.02930190930665,6.17919430356138,3.9994222766431
"GSM388222","AD","Cluster_1",-1.68222176432226,-0.866098259129457,0.250551597185487,-0.900667502472362,0.000786909545555345,5.76586272299099,5.31483236288361,5.70368225849696,4.96208261378638,4.47539403317854
"GSM388223","AD","Cluster_2",0.0102118691731615,-0.374429976255205,1.07138521175736,-0.645906358219405,-0.326321480164281,5.87497893432362,4.01373785181649,3.27474229525272,2.94905389997798,5.03766611657584
"GSM388224","AD","Cluster_1",-2.3580166852336,-0.73363028381578,0.222910734361315,0.261853133610586,-0.63524310766529,5.10080134194546,4.66746946416028,5.2122398355997,7.15568809726949,3.95714059054459
"GSM388225","AD","Cluster_1",-0.628226104551679,-1.26783674665527,0.0831256986495634,0.56913702452446,-0.474875770108624,6.11074338580973,3.33313547993581,5.16108801658145,5.81606376264169,5.33969162947067
"GSM388226","AD","Cluster_1",-2.01787737684553,-1.35367913006256,-0.396797169829224,-0.606221514125278,-0.254139432181374,6.24739663801251,5.24128253747702,6.4906824489059,6.40574006685718,4.49124618737498
"GSM388228","AD","Cluster_1",-2.07500420353528,0.376695544778239,0.0391086544892009,-0.0189938077596212,-0.33433889139534,4.6438438626,5.32393610397568,3.71126627385379,6.60121206152164,4.98191543918956
"GSM388229","AD","Cluster_1",-1.81189668219226,0.161141231578563,0.531176867129931,-0.39663809502887,-0.623244235999568,4.98228668708833,5.16249808960735,3.37656567477441,5.69110345199035,4.2829062451974
"GSM388230","AD","Cluster_1",-1.20232929018986,-1.75931883520195,0.0873896263997017,-0.640097250417799,0.0348554212569181,6.48901510449614,4.54009397179495,6.86540634932828,4.89176716626444,4.67932101482988
"GSM388231","AD","Cluster_2",0.839703143748209,-0.414223907141793,0.96269803096979,-1.08666089852907,-0.269203844454761,6.56748001906325,3.95430689108205,2.85192159755769,1.81834013169624,5.62776075128716
"GSM388232","AD","Cluster_2",0.392273741393616,-1.30750126229681,1.17110774062401,-0.688728395292433,-0.145156153023418,6.50713606135472,3.45953710821739,4.68090999802361,2.31775663045588,4.92588732259738
"GSM388233","AD","Cluster_2",1.7541518580506,-1.3792675360531,1.12680530567997,-1.41886007481697,0.404787818258515,7.3317568056563,3.41005223880859,4.56317489004543,0,6.12006452572665
"GSM388234","AD","Cluster_2",0.958654383604584,-0.904005087024492,0.640584171937603,0.228723567702361,-0.745171376411171,6.67547291651877,2.63185174080811,3.07576076238604,3.5872901208579,5.85074936086998
"GSM388235","AD","Cluster_1",-0.473136244196533,-1.7541921351988,-0.0824104978360211,-0.228317084064175,0.138418564701827,6.6680146368366,3.88837836510697,6.57658009717993,4.67716121296597,5.58971379323438
"GSM388236","AD","Cluster_1",-0.899329721065145,-1.64119800427446,-0.0575024179175219,-0.306444895380444,0.230515420113936,6.36674148099074,4.24210866086081,6.79036086383636,4.92363158648561,5.34991625280921
"GSM388237","AD","Cluster_1",-0.76980044063192,-1.18709672456945,0.293522951453822,-0.539631961492423,0.647491162653802,5.85198312432694,4.50583279019704,6.46052216103531,3.92896318796038,5.58055013431048
"GSM388238","AD","Cluster_1",-1.49763537874619,-1.10895985959023,-0.494996036448263,-0.73138568673321,-0.288320832130115,6.4906824489059,5.18680963089229,5.73468257267445,5.91512222639792,5.00858297103979
"GSM388239","AD","Cluster_1",-1.54226064151694,0.479626672389149,0.935450089717734,-0.083347942543875,-0.363816091480945,4.38860520808379,4.79520339383137,2.99260006360844,5.12248429064769,4.56573364342297
"GSM388240","AD","Cluster_1",-0.416775256286007,-1.87143225140555,1.54540425602332,0.267880921502088,0.102626138100242,5.61468180966532,2.80587623744808,6.41073259538193,3.42223468589159,4.2388605999131
"GSM388241","AD","Cluster_1",-1.31439091885908,-1.3700407948114,0.916743722927013,0.0173405302651203,-0.0979387485838428,5.45616358772895,3.89445234701059,6.06126768579412,4.83956961305698,4.13922634613422
"GSM388242","AD","Cluster_1",-1.03421262160837,-2.01537200290063,-0.155088229661278,-0.833161453587465,-0.750202645765513,7.38710251094991,4.42736985666934,6.1626102148493,5.34851288667194,4.23561554384958
"GSM388243","AD","Cluster_1",-2.49235664721304,-0.356553833547048,0.636741304415751,-0.79595687681553,-0.127035394255354,4.85129125184254,5.71504220140634,5.21764885071362,5.52302125359723,3.69808398783293
"GSM388244","AD","Cluster_1",-2.15570785340211,-1.33482763307658,0.856438894603775,-0.336393735911597,-0.34502091549322,5.37286679426526,4.63051865955059,6.22227554526695,5.55311628878514,3.28169181186896
"GSM388245","AD","Cluster_1",-0.72754210624187,-1.78507668748038,-0.132988899824168,-0.674164009947822,0.213778418431126,6.78341201744913,4.41388729352137,6.86402130697821,4.50884804100663,5.34418806158204
"GSM388246","AD","Cluster_2",0.135447001267034,-0.151885545648032,-0.193869649784898,0.299572817712333,-0.762442575541772,6.2479401539929,3.63151294657077,2.59044534486823,5.31555569382251,6.35564253511258
"GSM388247","AD","Cluster_2",-0.841403522365933,1.17391379627467,-0.250359002394453,0.323257166646668,-0.715194937281303,4.94511298805245,4.71930276914573,1.25395691734629,6.2949886646297,6.33996087773822
"GSM388248","AD","Cluster_1",-1.39408914410074,0.07555269374111,0.0142608053916073,0.783614031791021,-0.134243784678848,4.65051113927554,4.2213094718863,4.0566443611633,6.57884635019411,5.78853168214658
"GSM388249","AD","Cluster_2",-0.0870678478554427,0.271376941392155,-0.762155632337934,-0.441954807757109,-0.479696659295976,6.43284679785914,4.79733362730751,2.49657438622441,5.23327433527611,6.87364701931979
"GSM388250","AD","Cluster_1",-0.349570798284345,-0.489746058162568,0.0766538698246392,0.00728290388645713,0.0603624042277002,5.77844676268933,4.07023636097729,4.42641799143474,4.66090225452458,6.13560460986737
"GSM388251","AD","Cluster_1",-0.374290376180738,-1.27612648665241,-0.265810502823175,-0.0272551287208685,0.187928784176061,6.39291337883625,3.94157733608384,5.88585204697672,4.92197218017561,6.15334953897477
"GSM388252","AD","Cluster_1",0.483473515208091,-1.9948572771288,-0.710557466782157,0.118836008706953,0.702382586401007,7.15426539233658,3.32566744024932,7.19628347199185,4.34071853445889,7.30416499694456
"GSM388253","AD","Cluster_1",-2.53916826177616,0.536214254481247,-0.303189843431188,1.02791390088046,0.508637416081587,3.51024892189519,5.08523684538525,5.00765619751477,7.78440824195848,6.02041519961229
"GSM388254","AD","Cluster_2",-0.23897813183013,0.647539913710753,-0.992016060778889,0.0127184667394332,0.299896386728066,5.5996301905824,4.90640762893303,3.10376173254749,5.49543372194265,7.8950250446621
"GSM388255","AD","Cluster_2",0.138066814762498,1.40492609109475,-0.146506797886345,-0.0191910624362375,-0.875257068503,5.49002535248093,4.48586525562503,0,5.04084825556578,6.83747156409374
"GSM388256","AD","Cluster_2",-0.31001126487372,1.82789917608312,1.08413127254843,-0.304104447723868,-0.404478164435783,4.21593345500282,4.78800799763757,0,3.60458790255804,5.85497223388077
"GSM388257","AD","Cluster_2",-0.619669014468716,1.77304274145002,-1.0071284249157,-0.289387884198156,-0.926676130193803,5.54275752342838,5.57429727382434,0,6.44302701258957,7.09856879177354
"GSM388258","AD","Cluster_1",-0.109031026973036,-1.77575789468403,-0.752154417806707,-0.610237951452589,0.51545501115614,7.23330805467097,4.31298259708432,6.95493064211861,4.40630883489194,6.61979020231691
"GSM388259","AD","Cluster_1",0.220337913976755,-2.04477302570955,0.247563684212693,0.396557679833684,0.606357899372935,6.42477196400961,2.85508603191304,7.16527419287972,3.92503041611867,6.23669466885045
"GSM388260","AD","Cluster_1",-2.56088037044321,0.572037758172939,0.754603167982125,-0.160545339383124,1.07652139272841,3.2016290311473,5.81733164623414,5.41489320616109,5.21603279641839,5.1067500873172
"GSM388261","AD","Cluster_2",0.470754055852006,1.15391868446514,-0.0559113342342555,-0.532824343505921,-0.962626199600652,6.07274807216842,4.57021995860749,0,4.21412997433916,6.64782246205218
"GSM388262","AD","Cluster_1",0.171438463550252,-0.953119303899391,-0.799070539086546,0.406524590253514,-0.0172254127961863,6.64366771568588,3.57042258610347,4.89421118418245,5.49292772684899,7.17296835859793
"GSM388263","AD","Cluster_2",-0.0670494870279312,0.276526870040236,-0.887459633838336,-0.547962362830669,-0.210409071274144,6.42089956869585,4.9761519377327,2.83994461152845,5.05886043967988,7.17703651843114
"GSM388264","AD","Cluster_2",-0.228856273764963,-0.230347910549688,-1.08127894984253,-0.397257760866574,-0.158076185398259,6.65582095848223,4.81580930546024,3.84602297481542,5.52003961767334,7.09071150856735
"GSM388265","AD","Cluster_2",0.127138023220363,-0.478180075186542,-0.885885720660023,0.465477139781391,0.0643469007324503,6.30323617661249,3.78867508103898,4.31495544886429,5.62133358017823,7.51972207120313
"GSM388266","AD","Cluster_2",3.19650080642822,-2.56284668592449,1.34982847794122,2.8650191821858,-0.573515850269944,6.92761333056949,-1.65096873099676,4.4686428912892,3.03340112081411,7.10188922733532
"GSM388267","AD","Cluster_1",-0.631655296078172,-1.26909917109325,-0.88368893592543,0.400417510232769,0.0608867864985188,6.45316158819947,3.93368761527714,6.02694017620153,6.29254486152577,6.57036629864406
"GSM388268","AD","Cluster_2",0.615694994176031,0.0557605258446346,0.104987775365714,1.0957809088341,0.221373979880926,5.24422698537317,2.89605002075431,3.23666315368875,4.59886185334547,7.55738723649198
"GSM388269","AD","Cluster_1",-1.57651810383379,-0.833158480913166,0.080152091731045,0.185540882082345,-0.0238184624513275,5.33797227818254,4.43852288157983,5.66717594194502,6.05928933028443,5.06374558613978
"GSM388270","AD","Cluster_2",1.69221657524856,-1.76341503163832,1.62684985594653,-0.795326962057699,0.578264140310943,6.83863187161573,2.63155122724458,5.3787822332259,0,5.78506612014794
"GSM388271","AD","Cluster_1",-0.567464482450547,-1.54830290758834,-0.475464858041635,0.0564348014821651,0.48970026933852,6.3779923399621,4.00623834881717,6.8707935713596,5.1936122506077,6.33639577751409
"GSM388272","AD","Cluster_1",-2.20787674868665,1.0295340056914,-0.855535513089848,-1.11464577787958,0.236414717330247,4.94511298805245,7.00174916551859,3.61020655209952,6.24234113121835,6.07227499356684
"GSM388273","AD","Cluster_1",-1.01247635053741,-1.38634924411545,0.0443032501780104,0.737525504324424,0.133765045168155,5.60274034345522,3.49734380300973,6.40673787028385,5.95903217839873,5.56247083820524
"GSM388274","AD","Cluster_1",-0.131586182983758,-1.60343923887741,-0.540878246071133,0.164926829793269,0.400476359973644,6.65363845931588,3.66126090777357,6.57473259298495,5.00565772911962,6.65891153700087
"GSM388275","AD","Cluster_1",-1.75226931166426,-0.0283130154128473,0.303107747815865,-0.372718072557278,0.220880147998553,4.79135007813878,5.2896871642217,4.77009509016482,5.30735010233044,5.1058521374646
"GSM388276","AD","Cluster_1",-2.18092765180153,0.0471642099822566,0.1563287257254,1.87256854879041,0.321629031277779,3.38825144956881,3.79296173635328,5.26663117538339,7.87837560300322,5.77890003390487
"GSM388277","AD","Cluster_2",-0.426468722906612,1.80358015138194,-0.92093052582514,-0.623654816572764,-0.760228259516688,5.65605198070835,5.75728968867543,0,5.7434564209402,7.19470193278632
"GSM388278","AD","Cluster_2",-0.424377344787573,2.1465100474228,1.23089560962868,0.0559036456774032,-0.082906994956312,3.52040028106306,4.69937331350215,0,3.67114981712067,6.151442947192
"GSM388279","AD","Cluster_2",1.85464219680887,0.778720779352337,1.57244874339761,-0.855639951991618,0.339265333454301,5.54114054993495,3.59994448368156,1.03401713481009,0,6.91805522558019
"GSM388281","AD","Cluster_2",0.598031385189753,0.311796204302104,-1.92320754647325,-0.0727072346644074,0.595703241416906,6.62575878595818,4.77895832286643,3.62389467906948,5.37358262921746,9.40198784045633
"GSM388282","AD","Cluster_2",1.4406112417039,-0.218234259953396,-1.24757195923802,0.920591380934471,0.431777691138018,6.5553835889209,3.00909956454861,3.62965701135153,4.90080232710313,9.37005418817622
"GSM388284","AD","Cluster_1",-0.637322380058225,0.147038106674393,-1.03609323561586,0.725293796015395,0.341659854573595,5.34231377712732,4.36228673867744,4.25726877442007,6.55583350195512,7.67941932366943
"GSM388285","AD","Cluster_2",0.669053473677283,-0.109270156801507,-1.40148722573857,0.153220903506479,0.730677395127429,6.4371118696709,4.22190703755363,4.32455700998811,4.88245711685272,8.96702361671718
"GSM388286","AD","Cluster_2",2.09444969149627,0.389748640539916,0.211611651397141,-1.57967420051161,1.07499303316575,6.64625747539575,4.54724140314902,2.6297079838596,0,8.47741881101872
"GSM388287","AD","Cluster_2",1.92180497088319,-1.02872187221159,-0.114019906716456,2.87296240532592,-0.467838224917408,6.11635891547987,0.220631060696088,3.34125560730541,5.69978063008632,8.27763313374535
"GSM388288","AD","Cluster_1",-0.0746634215074716,0.410932875126486,-0.815529606241438,1.1164056102182,0.39105390730264,5.10096927215852,3.77167174127044,3.5330062625372,6.11422816667415,8.18347111371016
"GSM388289","AD","Cluster_2",-0.248160794267795,2.23046493716316,1.53694117236261,0.893070973031083,0.100170885811287,2.84743552703672,3.87893425778005,0,3.83263668875895,6.46122102509602
"GSM388290","AD","Cluster_1",-1.26250202881109,0.697173532563864,0.331443933756951,0.224420472474452,0.812655086841153,3.93898965313479,4.9405083575344,4.13490754875687,4.94721582331669,6.42929609275999
"GSM388291","AD","Cluster_1",-0.247695014155415,0.0872117416387559,0.0466606927964144,0.847097344632077,-0.0927426648152661,5.13228178506282,3.54221465986032,3.33876933877368,5.47528126988294,6.6631183562242
"GSM388292","AD","Cluster_2",0.0272392968407764,1.25437966211238,0.500254387254823,1.2184329860701,-1.09218171892278,4.6345956279668,3.19348471967216,0,5.774055350292,6.34294359956865
"GSM388294","AD","Cluster_1",-0.187540615746684,0.0122240015415697,-0.841418555297945,0.241721461236836,0.747524120404768,5.57242580489392,4.46921639566341,4.6236334660787,5.19417747439679,7.92579461071513
"GSM388295","AD","Cluster_2",0.319191004967262,0.275222102742644,-0.628061259430924,0.143398750854214,0.686706258747075,5.62332273626663,4.28915353049016,3.75788748167076,4.43719219994867,8.14753997989826
"GSM388296","AD","Cluster_2",1.61395258865141,-0.0958667231182796,-1.180600616753,0.577072699415383,0.35036234550613,6.75077562027052,3.20389919887076,3.1818326629654,4.40320239691629,9.31682655191526
"GSM388297","AD","Cluster_2",1.31342956561529,1.27053583725547,-1.08033407669222,-0.347488215455413,0.254148663944033,6.23982379130619,4.62655895420365,1.04980536185233,3.79319030122319,9.25175636472883
"GSM388298","AD","Cluster_2",1.21963608636069,0.49422320560214,-1.45068817714729,0.450664552659618,0.465416746883777,6.34938193368002,3.88612740396033,2.71730082036663,4.8619434701288,9.58887912763695
"GSM388299","AD","Cluster_2",2.16873873698324,-0.654045887508373,0.189534825447435,0.686996262831556,1.22316400843236,6.07352286321797,2.26485035959183,4.5679509726725,1.95084850231744,8.93769457380138
"GSM388300","AD","Cluster_2",0.59881981270486,1.85537538259723,0.126624653333782,0.599132619405762,-0.102850111393706,4.54782735999405,3.97145258254177,0,4.35052815838967,7.93766969987092
"GSM388301","AD","Cluster_2",1.60388457906506,-0.00812394811774579,0.525187429176928,0.310261926017426,0.58645948626459,5.74815356279886,2.8934258617561,3.02164379809889,2.23566865703282,7.89758773070828
"GSM388302","AD","Cluster_2",1.24198740999223,-0.153199429792367,1.1791326164242,3.50645619836079,-0.291251173509276,4.09170976572037,0,2.4709548084844,5.47333913284797,7.35272769362101
"GSM388303","AD","Cluster_1",-0.00328216987664363,-0.281138989361336,-0.644170800398721,0.291358719975936,0.350432700732758,5.91995198011629,4.05437756392056,4.40854774478289,5.13578342662049,7.45811488098317
"GSM388304","AD","Cluster_2",-0.384272976341366,2.16242061725423,-0.0379267209945181,-0.243797571693475,-0.207312269090719,4.46528740181313,5.36362062403334,0,4.75523721962069,7.14298686627861
"GSM388305","AD","Cluster_2",1.64578908026936,0.320927534039966,-0.77264782052366,-0.621115825788742,0.174786212687946,7.00151992173762,4.15250781703427,2.11963675278661,2.96146013082135,8.62973762267822
"GSM388306","AD","Cluster_2",2.8388808074145,1.03677802765855,0.035333664915064,-1.67532538050684,0.177043078014202,7.24279142735106,4.36010091028905,0,0,8.75896711709238
"GSM388307","AD","Cluster_2",-0.411980198967441,2.3858001670314,-0.813459181739232,-0.260235368716095,-0.064956067688476,4.68119706117255,5.79411173957347,0,5.46989266804996,8.03248633208696
"GSM388308","AD","Cluster_2",0.380648255675918,1.47135058790409,-0.375911228319237,-0.252751953966633,-0.377044545324023,5.55193523404424,4.75693798480899,0.408951310771793,4.48356049550396,7.5619316196887
"GSM388309","AD","Cluster_2",1.04838720775433,-0.216749348264798,-0.501522811811288,0.400665294404626,0.488023469119178,6.1854302360696,3.39109819762698,3.77903270238958,3.9844881169092,8.27648363913889
"GSM388310","AD","Cluster_2",-0.12479526050796,0.288838228634439,-1.50164244127738,-0.211425285057489,0.89723573530426,5.95973956850928,5.1887482671658,4.4361877955691,5.29317133857682,8.66298659043526
"GSM388311","AD","Cluster_2",0.181921662558922,0.593133598043851,-1.51019331124717,-0.507057795461758,0.381807341291959,6.35832390589065,5.28338869744065,3.07386705790352,5.09045157036304,8.54112001885669
"GSM388312","AD","Cluster_2",2.30831883238916,-0.228774989092391,-0.237434088914144,-0.0681414439441004,0.403701398560958,6.95346516645949,2.96549335054816,2.7757491892049,2.12686399945209,8.74052848915126
"GSM388313","AD","Cluster_2",3.33213194673619,0.607199111085873,0.776304535088219,-0.506656980019903,-0.0493950856104019,6.8441790984903,2.64278990131444,0,0,8.46618336702763
"GSM388314","AD","Cluster_2",0.482790779870515,0.989990876758621,-0.496927216869343,-0.147342669659341,0.272931731725732,5.56322278338141,4.59613092800737,1.96074452613065,4.15948079068229,8.06222923918538
"GSM388315","AD","Cluster_2",-0.229937879292744,0.711270703195709,-0.513600862826558,0.198378195525856,0.229249682499271,5.23721618014564,4.5874892025095,2.83309736555364,5.21199695559593,7.50437613490193
"GSM388316","AD","Cluster_2",0.57779146280906,0.29927417344164,-1.16440831140211,-0.347868753069735,0.59567591952067,6.34195865354677,4.73478165644452,3.49431545517339,4.3527802633124,8.60243804558863
"GSM388317","AD","Cluster_2",1.28684357470929,0.501010808917852,-0.489803489385283,-0.79668984929112,1.09162974791784,6.15619524242199,4.65295873051749,3.20020952919731,2.21373623408209,8.84078518975316
"GSM388318","AD","Cluster_2",2.16242459095035,1.0911625264434,-1.23761031311287,0.27286444258824,-0.398794662806469,6.88067702926104,3.50267536803168,0,4.16927234134432,9.63965994627288
"GSM388319","AD","Cluster_2",-0.284285670119357,0.123053491254038,0.937642039574228,-0.0670805443357811,0.725594571830248,4.63219353175005,4.17026791363186,4.1329526193869,3.17398790378874,6.17379985515517
"GSM388320","AD","Cluster_1",0.0970557173169763,-0.536979203758973,-1.14668947258983,0.505294453779963,-0.40990494036139,6.7043267691555,3.74541004831866,3.86180631920711,6.28631961095023,7.35408597882873
"GSM388321","AD","Cluster_2",2.44156789043359,-2.00029388279093,-0.0164240508657641,2.355326526461,-0.672062965013696,7.29594381405733,-0.115106887144011,4.18013029705644,4.7666485896412,7.79696270447737
"GSM388322","AD","Cluster_1",-2.80462881589675,2.56936972492268,1.94241392561794,1.35423440206939,1.80802134417901,0,5.24720490112918,3.3304274012526,5.10629889917494,5.83465198365758
"GSM388323","AD","Cluster_2",0.79336422139763,0.761915686430283,-0.811874313266641,-0.145654676861269,-0.810780574994437,6.612794034395,4.22209341965925,0.762147573038876,4.94188560828146,7.63617042132496
"GSM388324","AD","Cluster_1",-0.171996883725191,-0.473802464136719,-0.897411052139843,0.308654205586247,0.334824237579523,6.09728047932329,4.14275590675792,4.84552086174352,5.58748484386193,7.46832933700894
"GSM388325","AD","Cluster_1",-1.54459891821929,0.644938939815113,-1.09104837481679,0.589547064740357,0.339340921502985,4.69317119559338,5.1936122506077,4.07915908159349,7.35716687843671,7.24211917926546
"GSM388326","AD","Cluster_2",-0.978497776888459,1.67220764355271,-0.543282410414541,-0.148266750226562,-0.111159907898137,4.65782168596759,5.61440800450269,1.37460357090699,5.87233400167646,7.04326830760096
"GSM388327","AD","Cluster_2",2.28642838640514,1.02517409025448,-0.6378902688894,-1.22181373328626,1.04691562180316,6.65295595662438,4.7109535134854,1.66950564378575,1.04340371440139,9.7778164191571
"GSM388328","AD","Cluster_2",0.404187210390607,-0.48410636431816,-1.63936559192808,-0.174296303951287,0.151535567912163,7.15334932016219,4.44893738875028,4.34572615793954,5.48308044576662,8.25957677516885
"GSM388329","AD","Cluster_2",0.554006537478443,0.245262471008312,-0.99174940236072,-1.70308184919992,0.884161371075521,6.82107002159601,5.8312022026468,3.83079969700667,2.74270138489723,8.1773043049278
"GSM388330","AD","Cluster_2",0.355715425803455,0.261294390442775,0.375864024809254,0.761298807316619,-0.450588022882421,5.37311181077779,3.15931927497988,2.14117288158385,4.7236062752083,6.58524766470409
"GSM388331","AD","Cluster_2",0.613780628800526,0.291554871167616,0.902363044231802,1.23888160621458,-0.622476813213726,5.02812638205932,2.41305126239962,1.64113078178365,4.49199473969662,6.3378801924039
"GSM388332","AD","Cluster_2",-0.432518884012147,0.387467052477334,-0.065251789374356,0.496619153725296,-0.557549569250552,5.35166550413925,3.99758224130732,2.38601743896919,5.76533867267395,6.29142675881575
"GSM388333","AD","Cluster_2",2.08692280627664,1.03480115208845,1.68538549830374,-0.759859500659433,-0.024288888985874,5.57864612864473,3.38280143154422,0,0,6.85588163761398
"GSM388334","AD","Cluster_2",1.57749598993385,0.90412018235123,-1.29501720097677,-0.0951659897128615,-1.17664230361262,7.35053998676211,3.90860002091884,-0.353775602185061,4.98971351241756,8.45212962044042
"GSM388335","AD","Cluster_2",0.56266033460619,-0.0865643692744988,-0.0287101592273497,-0.956142493238931,0.271639335004859,6.42736568860235,4.60437624675909,3.42279571152705,2.8548700819729,6.93312459849218
"GSM388336","AD","Cluster_2",-0.90217852461668,2.00384861915575,-0.11700270601875,0.915332167833674,-0.738932918091673,4.03181067104721,4.55382439640175,0,6.7762342593467,6.73349744499968
"GSM388337","AD","Cluster_2",0.042374079070857,-0.287103557835051,-0.668435457167896,-0.914387607348946,0.727836862288883,6.38811226858129,5.09982888916295,4.78862470110588,3.73941116308277,7.4028806714513
"GSM388338","AD","Cluster_2",-0.639971344453587,0.504802987865509,-1.39566625232511,-0.0984873927601164,-0.197252276771175,6.04183419407919,5.20293324740455,3.00909956454861,6.54065741387403,7.47900907851827
"GSM388339","AD","Cluster_2",2.99563184781763,0.607776843912614,1.98280078689123,-0.758694549712035,-1.72088212661156,7.0297266990508,2.25143491443003,-2.19244241628309,0,5.75143476570133
"GSM388340","AD","Cluster_2",-0.497709364849069,1.42308362871194,0.90795062708386,-0.603030986674924,-0.98951972849236,4.9421292254554,4.91349511290447,0,4.09796714852556,5.13966520477258
"GSM388341","AD","Cluster_1",0.0691101821134375,-1.24387640500036,-0.554422140109638,0.237726366588738,-0.479255481283205,6.97143338466035,3.46191921117559,4.75324648380096,5.50330971227724,6.32968164677108
"GSM388342","AD","Cluster_1",-0.529732284783329,-0.433647779997311,-0.601723429338175,0.247380063287113,-0.366911548476421,6.13928229209121,4.15350776483972,4.04801919608694,6.0545192847458,6.39312150365059
"GSM388343","AD","Cluster_2",0.702141830876956,-0.480182634553992,-0.892771902790887,0.401585761911398,0.374561813605454,6.45767601661519,3.59123110567872,4.33943632103298,4.80243533918426,8.16737359230311
"GSM388345","AD","Cluster_2",0.815933890212847,-1.05380275897914,-0.762062636672653,0.0314574828467924,0.516389835392118,6.91148495766932,3.57927202283144,5.28338869744065,4.11934662666194,7.85606391271476
"GSM388346","AD","Cluster_2",0.949256216008539,1.01950124251968,-0.408450061911291,-0.351196437996546,-0.519132667102415,6.25545446721948,4.32367823603834,0.548858008235005,3.9810088237618,7.66088741418601
"GSM388347","AD","Cluster_2",1.05841866185378,-0.785023840565275,-0.157531588599575,0.0981315560688529,-0.643541044335832,7.11251038600716,3.04298933057907,3.09611768940928,4.126057030547,6.73751367515501
"GSM388348","AD","Cluster_2",0.238746506322023,-0.947150368785269,2.79900072484799,-2.40333145743048,0.0268535270906427,6.10141809228625,4.5383548724972,4.01224488556366,-0.92805078550171,3.0676821503306
"GSM388349","AD","Cluster_2",2.08020592315118,-1.15468055799211,1.67605582605367,-0.360903439101779,0.54415035421512,6.41715744969593,2.28700262757829,4.16243054272366,0,6.42397270317597
"GSM388350","AD","Cluster_2",1.67027681996237,-1.60085411039251,1.35196085501906,0.227499171132093,-0.389951900653079,6.86565293842262,1.7733276248539,4.01557588974934,1.92328108003271,5.68435969138765
"GSM388351","AD","Cluster_2",-0.289583693233763,2.42824411797418,-0.748220394363353,0.106630411793987,-1.09396666809241,5.03807966385306,5.20836076280354,-1.46495803696859,6.33811999328769,7.41057529750758
"GSM388352","AD","Cluster_2",0.547971280186032,-0.168368170069477,-0.968421900543331,0.658486188705118,-0.183387217553678,6.39683375116498,3.50530939782317,3.2681320558599,5.65222287641102,7.92005389091818
"GSM388353","AD","Cluster_2",0.457587505343456,0.159398273485276,-0.541459474017602,-0.486179698256194,-0.0422209346990592,6.43407746231943,4.49924518653333,2.83554411508814,4.13823237370967,7.34683689249054
"GSM388354","AD","Cluster_2",2.28062759355954,0.422527983988529,1.31546333016024,-1.13481606348585,-0.236683340944896,6.56862742190305,3.42373961219599,0.584242740072004,0,6.76451638271903
"GSM388355","AD","Cluster_2",2.29987643814902,0.506884851105009,1.3378630775946,-1.33295796617873,-0.561571221158067,6.79126982799364,3.53457795737607,0,0,6.48082983608108
"GSM388356","AD","Cluster_2",-0.148763349393463,1.11527429493949,-0.304799865486801,0.231376799692006,-1.40337101143976,5.76858411770917,4.26849349371485,0,6.07940257333073,6.31171397035159
"GSM388357","AD","Cluster_2",1.20644238968912,0.829418785212933,-0.325914537383527,-0.224860276334058,-1.03439000347576,6.66263100199593,3.8655051982653,0,4.12394552804884,7.33264254852388
"GSM388358","AD","Cluster_1",-0.100329017053031,-0.313408953784684,0.141140457924041,1.41799649739011,-0.406468226456062,5.26811179624053,2.73190258130891,3.48149851538482,5.9837137288816,6.44907485336623
"GSM388359","AD","Cluster_2",2.09645302731896,-0.660802918607811,1.44343157884904,1.44221097811857,-0.245565249830187,5.73110477360757,0.926278548295667,2.54572805789946,2.43983019149814,6.86161070927535
"GSM388360","AD","Cluster_2",1.15424319600019,-1.3661833291016,0.022853665014819,0.28407260846299,0.0327089961355592,6.95699241913437,2.67512382912083,4.79084653593233,3.55269308991032,6.96107800067021
"GSM388361","AD","Cluster_1",-0.315859480951934,-0.280597294969891,-0.560331593048528,0.0571440147541068,-0.28594254882487,6.18278173777924,4.2559808596477,3.75344359745602,5.57359773494085,6.58315928605186
"GSM388362","AD","Cluster_2",0.998349503529502,0.458604581240424,-0.32584812100375,0.169563501892491,-1.18643903769641,6.66426174375625,3.47425089194672,0.543612850346222,4.79557584994627,7.02199989653617
"GSM388363","AD","Cluster_2",-0.00254860756757867,-0.50486511269241,1.19909144807141,-0.880298146168565,0.641352991097202,5.48151849232257,4.31244291242838,4.69872194415169,1.94138030361705,5.52168483978007
"GSM388364","AD","Cluster_2",0.462322757379003,-0.472028147437844,0.40525373803787,-0.895551806679995,0.430729447485769,6.25545446721948,4.32788969873066,4.21564422930595,2.44912607758981,6.43151000134987
"GSM388365","AD","Cluster_2",1.97213282369971,0.480350901582317,1.32281003642611,0.0332910901193433,-0.842741341547423,6.09122976649494,2.53338384983876,0,1.78965118579171,6.47613555414728
"GSM388366","AD","Cluster_2",-0.189900379443526,-0.114799671049121,-1.01704463830876,-0.166003171768375,-0.137485492908838,6.43566789815965,4.63339013058847,3.67436721133547,5.6154184283696,7.20682421806769
"GSM388367","AD","Cluster_1",-0.539380047794151,1.02539755819711,1.85271996464284,1.44723622427757,0.76094657875918,2.62639170547141,3.11515291593541,2.897493288328,3.84453683072756,6.09990951213608
"GSM388368","AD","Cluster_1",-2.23509647172943,1.75816253208054,1.68551038082186,1.55250742561795,1.19736145889159,1.14726890307433,4.40879720048277,3.48238861911624,5.43630877576375,5.70916849967313
"GSM388369","AD","Cluster_1",-0.122174809665111,-0.822358798806165,-0.627249839340884,-0.333610429741634,-0.383765426602863,6.90621307103477,4.2523508340877,4.31978013582383,5.16550413627258,6.33275468856906
"GSM388370","AD","Cluster_1",-0.130405239006239,-0.941385813697549,-0.308558351378205,0.431460168537459,-0.430837485510175,6.4218488077051,3.45714354817821,4.44836544887456,5.58464302939038,6.200255988954
"GSM388371","AD","Cluster_1",-0.888279926218073,0.346590506944087,-0.378802464073004,-0.629603264696101,-0.44550074995593,5.85813398838146,5.2889459428204,2.86483564988627,5.40740635816789,5.93406766922958
"GSM388372","AD","Cluster_1",-0.698489271512781,-0.762350217044354,-0.244192317708434,0.351785602871825,-0.206465570507245,5.91801670345482,3.92987874463763,4.81730243516811,5.83293337388948,5.95196027983615
"GSM388373","AD","Cluster_2",-0.543038176737723,2.33275671789916,1.44764463773269,0.346600246626186,0.0928077727047976,2.97954711392765,4.56029810984276,0,3.70695600706684,6.18497060318688
"GSM388374","AD","Cluster_1",-0.546741213757141,0.138569281695949,-0.619861885695263,0.785496325435839,-0.00290046808487104,5.31173021973918,4.03787391821575,3.69118704385014,6.33275468856906,7.11915047863705
"GSM388375","AD","Cluster_2",-0.833175923728217,2.37306599255107,-0.0665636102105108,0.497057521825297,-1.2050383968647,4.27835091079565,4.89443238642832,-1.26317121948548,6.59253136096987,6.41011326921916
"GSM388376","AD","Cluster_2",-0.126495170496933,0.961177461519007,-0.152638886175611,-0.395438354491807,0.482638371889829,5.10629889917494,5.03982711628208,2.59428297598809,4.01263961531614,7.36722265880835
"GSM388377","AD","Cluster_2",0.443053641583001,0.414588846827111,-1.80518781486191,-0.106741700696374,0.347671056230511,6.57087506494362,4.8397986554732,3.2201888686968,5.54023193438966,9.02528085004324
"GSM388378","AD","Cluster_2",1.21986709893437,1.32561891654966,0.680998721526467,0.0291339893858445,-0.306993139372949,5.2758984270064,3.63767378723905,0,2.79694748070581,7.30349048408955
"GSM388379","AD","Cluster_2",0.151926970908199,2.94788161754902,3.23961189728133,0.890399107464887,2.52250683459015,0.349761947023315,3.83642557064279,1.45415097531212,0,7.41132733092845
"GSM388380","AD","Cluster_1",-1.20488126213455,0.905601048073137,-0.460349791033724,0.733571816316779,0.810655574084122,4.01753726754112,4.86429801611901,3.95844499905421,6.18346677954781,7.45229741712869
"GSM388381","AD","Cluster_2",0.454470068520147,0.380059335241935,-1.08059398088565,-0.208077514401836,0.0328169493414819,6.41315866040172,4.57457569502985,2.71517865667332,4.90383955669014,8.08459269809229
"GSM388382","AD","Cluster_1",-0.24721392941662,-1.09832428167001,-0.666273191455639,0.270317868935502,0.444642204188085,6.27699016046934,3.89924386960762,5.95783343286304,5.31124815986685,6.98840572788715
"GSM388383","AD","Cluster_2",0.366153331573786,-0.7680602304901,-1.10911201435103,-0.513661486404265,-0.163323331308496,7.35865271594694,4.37422212469312,4.27675224248913,4.87608578451777,7.26506646727288
"GSM388384","AD","Cluster_2",0.205872099797679,-0.0158301688149623,-1.19525812887756,-0.636542311226727,0.0815048486185596,6.79759054506098,4.95143357476395,3.54221465986032,4.83239863234078,7.71885945581953
"GSM388385","AD","Cluster_2",-0.0245767927036043,1.14699345560634,2.4866431839513,-0.507658084591136,2.03598561952185,2.78782576553145,4.51452846686865,3.75673352522973,0,6.29736205647308
"GSM388386","AD","Cluster_2",-0.0390787655769712,0.662468870548687,-0.404797773743783,0.146246056145748,-0.373940584100247,5.65049054776291,4.34168946059752,1.9763752102515,5.28662704981382,7.0413581289358
"GSM388387","AD","Cluster_1",-1.38370311713636,0.521303399688586,-0.0686889874861982,0.98273100505633,0.182274801895422,4.15350776483972,4.33004573805221,3.80165642419149,6.6176303198498,6.3864405869528
"GSM388388","AD","Cluster_2",-1.08026062305303,1.69182472362985,-1.99855842836264,-1.24868244985537,0.233385198254626,5.80290083687007,7.17729255439798,2.04310269062815,6.21919935322238,8.19751691262755
"GSM388389","AD","Cluster_1",-1.28269132132027,-0.784266762307422,0.864266589398168,-0.446155954436724,0.591895676286442,5.0127436704368,4.65660096463193,6.0030556994746,3.9535593319455,4.85818801205519
"GSM388390","AD","Cluster_2",0.451989971188208,-0.674553820013196,0.550983712180486,-1.15463071476615,-0.366577665165564,6.85635459881212,4.24554236412888,3.45408513099663,2.62233343226739,5.49763465083967
"GSM388391","AD","Cluster_1",-1.46957964373998,-0.0291280821183065,0.687193297341746,-1.22449228535945,-0.838290132809926,5.72839608284156,5.47333913284797,3.07410310893594,4.58492837661941,3.86636860008782
"GSM388392","AD","Cluster_1",-1.60939829075227,1.66152767424051,2.05227658639862,-0.908020367278115,-1.08566774615606,3.81889149191243,5.43509218340809,0,3.76326200301226,3.2169819614641
"GSM388393","AD","Cluster_1",-3.18497717562906,-2.59074889598203,2.38013918728406,-0.844819916953978,-2.08773654292464,5.98753834720399,4.18618740402489,6.25761818032925,5.70668929587348,-0.948849680124534
"GSM388394","AD","Cluster_1",-2.05938877179069,-0.968991597534193,-0.207061586485119,-0.351415815415614,-0.355218440691903,5.80432322564909,5.12297890840023,5.77605729089784,6.55347945448763,4.47186564295483
"GSM388395","AD","Cluster_1",-2.332307243056,-0.945284546296541,0.260542680884411,-0.378982279531046,0.0340957937294452,5.19931138629409,5.21554820968686,6.33475566461309,6.03550615327099,4.14898081137658
"GSM388396","AD","Cluster_2",1.25725544975943,-0.323732714051149,0.338135959952054,-0.616884512452673,0.172703070180534,6.58428031385757,3.69563858045442,3.16356235421494,2.19219374432858,7.03999256920773
"GSM388397","AD","Cluster_2",0.932834065346484,-0.763264537263649,0.390618674777661,-0.0918874851481862,0.31047669169378,6.31816638815396,3.27407448859179,4.26632433135643,2.84123512692692,6.8313739084099
