"Sample_ID","Group","Activated B cell","Immature B cell","Memory B cell","Activated CD4 T cell","Activated CD8 T cell","Eosinophil","Macrophage","Mast cell","MDSC","Monocyte","Natural killer cell","Neutrophil","Plasmacytoid dendritic cell","T follicular helper cell","Type 1 T helper cell","Type 17 T helper cell","Type 2 T helper cell","Activated dendritic cell","Regulatory T cell","NK T cell","Immature dendritic cell","Macrophage M1"
"C_0002","Control",-0.304417300985848,-0.126016057889983,0.0545665617882491,-0.238319523043454,-0.392193950876447,-0.348078171964784,-0.157418313800632,-0.549637366569979,-0.168971853292211,-0.166904548081546,0.0231302627482302,-0.497561472521579,0.151173902800228,0.103532248519006,-0.523142658281673,-0.420768628389869,-0.540845362521834,-0.21254636967729,-0.309503081930716,-0.506085881581719,-0.103868262436198,-0.227973064382821
"C_0003","Control",-0.140433286399163,-0.0630168335819498,0.0446858389019085,0.00797201715174028,-0.430026749657737,-0.310781514866092,-0.1528036405107,-0.487203156697711,-0.0881379435586843,-0.105378134827284,0.0288199834950157,-0.41621790532061,-0.0119320030382485,0.168754124773915,-0.526310446698907,-0.426519546712394,-0.51737428383035,-0.273805664221268,-0.137274825309907,-0.465124523411915,0.101826798789536,-0.258256006558642
"C_0004","Control",-0.353544748084322,-0.161753195901846,0.0411197945772031,-0.188809616310544,-0.388168681604733,-0.328192350050458,-0.143458765949974,-0.568145019669764,-0.188304077145315,-0.112196794651654,0.0212960822252468,-0.4344296629825,0.201224959792527,0.181922718188693,-0.561015328692161,-0.426886128817637,-0.543655296998429,-0.12151728343666,-0.31146931436685,-0.495783446367757,0.0278413404225797,-0.219458941921635
"C_0005","Control",-0.294586438287797,-0.0362624230879461,0.00684151876941448,-0.160493029529771,-0.450549723237165,-0.23346912784018,0.0461552645716267,-0.552185979411721,-0.117302636345519,0.0535905094777214,0.0225000005466743,-0.315584135627965,0.164337823556289,0.166407639925516,-0.569673950365934,-0.403245187577804,-0.559608789624067,-0.151364479275629,-0.344100050620683,-0.534127313345537,-0.0645876860624955,-0.241726116540979
"C_0006","Control",-0.197900862874474,-0.234489299007693,0.0165159787704524,-0.180756563670453,-0.417686977647961,-0.406054601431808,-0.26841946665411,-0.553870372380218,-0.242087530924054,-0.205147269960516,0.0289826992272088,-0.427913918796588,0.101756403491376,0.0857678303833317,-0.577065456672814,-0.4613613324217,-0.567474181521168,-0.169231170543327,-0.250060562080011,-0.514402290473386,-0.123860527113854,-0.201848665207568
"C_0008","Control",-0.301808375663571,-0.0218242373217995,0.0117478551753278,-0.190122815845712,-0.42313523211865,-0.278461308173025,-0.023933377223415,-0.589278516894924,-0.10283451701174,-0.0738420033397244,0.0227497538508013,-0.395212668329633,0.213192160479856,0.169243819125367,-0.536517764932217,-0.394874604936189,-0.536630486309012,-0.210677320862931,-0.269117032185657,-0.47592989123707,-0.207701327223316,-0.137768399568059
"C_0009","Control",-0.143510059154538,-0.169591796246639,-0.0442736529177359,0.110921015326852,-0.457155393644758,-0.235657583951445,-0.15919625041271,-0.52817313689438,-0.124901688099343,-0.0990621873494102,0.0282928996689213,-0.42784209577444,-0.174756327684082,0.0571198402895827,-0.500897744062873,-0.450434527696972,-0.473639109009742,-0.228845279450183,-0.13114410710301,-0.406502733720778,0.39474163443645,-0.244544632234139
"C_0010","Control",-0.237909018799841,-0.216027708167133,0.0460583868078826,-0.25554701548837,-0.371537832975531,-0.408280940742289,-0.266030867224602,-0.585089750183826,-0.247225962737648,-0.153827367093082,0.0242049210656777,-0.476098200322971,0.187005109564054,0.127783906801957,-0.489775286953474,-0.443906310103213,-0.541170966927307,-0.186853524972731,-0.288991239356122,-0.493727157956071,-0.193974244081969,-0.218521031572189
"C_0011","Control",-0.229929019045917,-0.159410526084724,0.0189299453624994,-0.159489604165071,-0.398136499810853,-0.333816146494454,-0.157070775615804,-0.497478264498554,-0.194651915243569,-0.180672327694085,0.027123800156998,-0.485257367046172,0.170110238005472,0.0705466204333015,-0.529689421010624,-0.458852427194971,-0.548806976608834,-0.216959046331551,-0.252484050787636,-0.49483783409831,-0.0120023983364092,-0.157918590404571
"C_0012","Control",-0.157008011900696,-0.241382569453754,-0.0327746760373631,-0.110126409567476,-0.424406507091533,-0.366079780467962,-0.272513337963406,-0.575705779081539,-0.263766300613799,-0.271461262122963,0.0342377812154199,-0.501542188045909,0.0181267892763952,0.0275174512576515,-0.501108929957356,-0.435069693196774,-0.528226416668111,-0.241926841679062,-0.251868705972481,-0.496399389295508,0.0360071950092278,-0.246049135179398
"C_0013","Control",-0.278481336346896,-0.0337946620004609,0.0115073453392828,-0.107433954148509,-0.429312728631632,-0.219179869832534,0.0672634389928168,-0.556245101022015,-0.105107871652689,0.0852373767778215,0.025101904197778,-0.343845348769809,0.142585676424615,0.179051123399384,-0.533913138900269,-0.435799043116288,-0.544065965940299,-0.179304297213791,-0.315862474271285,-0.472224629977496,-0.198831519655061,-0.217484479862057
"C_0014","Control",-0.276106387988503,-0.0820622444652227,0.05279221369704,-0.204317786262177,-0.420812369955513,-0.331218699746127,-0.109404357432485,-0.574731922250039,-0.143858970990586,-0.042747096611747,0.0269621736268015,-0.426596377222265,0.137165238466237,0.159036277154061,-0.574601621237187,-0.44876658878657,-0.538564887588588,-0.185445444300855,-0.302040900866481,-0.492957851503989,-0.0482559768891996,-0.189279793442593
"C_0015","Control",-0.439081685431707,-0.338787720748349,0.0451597775488354,-0.279406006233008,-0.38629326221251,-0.460283471443302,-0.34141999900608,-0.584252069383639,-0.353424142200321,-0.327983164205798,0.0215812763840956,-0.51929504132698,0.0828904635842925,0.0167631804950553,-0.488156195095776,-0.416492109456146,-0.545417618691865,-0.224500306778431,-0.338992352881826,-0.521190027866844,-0.241139093849677,-0.200525226270188
"C_0016","Control",-0.350247022295783,-0.156619040564651,0.0119327456224431,-0.174209843239306,-0.389539289677569,-0.395697564580493,-0.198066455702166,-0.471305321295326,-0.195940133002402,-0.20048508313439,0.0224304923479605,-0.461522659773315,0.180669532729585,0.0125716709156229,-0.520186055758921,-0.425325887782552,-0.525830086351925,-0.184534974495578,-0.331767234501821,-0.510188174923869,-0.202914446948385,-0.233190664638506
"C_0017","Control",-0.182030435817417,-0.119726596031391,-0.0114906436339482,-0.100917639775132,-0.433224250290333,-0.351202060904746,-0.165860915116551,-0.590862504306684,-0.206458227452674,-0.207296851277324,0.0287697938216549,-0.464812642215846,0.108866328605612,0.0722193311499421,-0.580937198071655,-0.415105065639606,-0.541429621058958,-0.231696338438609,-0.225965557097735,-0.513745305879753,-0.0248847378998279,-0.193102468761
"C_0018","Control",-0.424085640524896,-0.313910512011647,-0.09110774442905,-0.270861020808072,-0.378466569002128,0.0684344661262946,-0.220429609912041,-0.566865241583649,-0.238272577442307,-0.193984779646122,0.0296224259525265,-0.516809633228373,-0.287740781232098,0.182410340699914,-0.440568973539104,-0.127821067335963,-0.488731792782704,-0.13261160541161,-0.23059117415631,-0.509973547146148,-0.126535548443962,-0.307573638234298
"C_0019","Control",-0.294903243582915,0.115056435710901,0.036604189470723,-0.187437611465229,-0.4265684400799,-0.209339457336167,0.106552970221953,-0.5849434471613,-0.0141357981046986,0.135826009537544,0.0199005605657019,-0.287771102905882,0.393333728473235,0.248282874673242,-0.557425168485962,-0.440940881258362,-0.534820725565831,-0.190470507423109,-0.31624679179052,-0.491017172463536,-0.147020580208743,-0.176074644041779
"C_0020","Control",-0.378851971552709,-0.295596650190029,0.0306255328647318,-0.276591816794694,-0.377279067030641,-0.39699377469928,-0.300761018032141,-0.575589045110502,-0.296773095944892,-0.294491352884702,0.0243621347002819,-0.513205052985612,0.0875365532629026,0.0468458048334934,-0.514343246011578,-0.414790710491448,-0.531135013448157,-0.166730805025354,-0.363579655556653,-0.511975740336958,-0.13280072998027,-0.258223222693109
"C_0021","Control",-0.183130913204788,-0.246064403155117,-0.0034687176239699,-0.164124146672192,-0.424801017242955,-0.426439283222985,-0.326123689656002,-0.574581375832143,-0.298588644991177,-0.292438821249334,0.0257504327229052,-0.492403126307657,0.0335433595736011,0.00586662137938859,-0.574812807131669,-0.412912294182212,-0.549182487544759,-0.209749714137653,-0.303777921344616,-0.501251331707376,-0.111048582848596,-0.216774105194128
"C_0022","Control",-0.348607712717349,-0.249351113055549,0.0326342342192165,-0.242192649033013,-0.363513754262274,-0.393424575884427,-0.268823494810552,-0.496899734642879,-0.252461550961351,-0.211661426453927,0.0213537220542987,-0.498082513438563,0.157368689038374,0.0176527893347684,-0.498997071012533,-0.447698020469649,-0.513947500176885,-0.160161970039097,-0.365400288048356,-0.52466122345209,0.0353032420276201,-0.201125267364576
"C_0023","Control",-0.214325060926075,-0.209677443579645,0.0626335760313942,-0.167416253670794,-0.378820282090475,-0.317831863640253,-0.300482389463162,-0.529455503996873,-0.246757973576463,-0.317277625366937,0.0302914229527165,-0.521215131600308,0.0191123234506458,0.0672855298343119,-0.558621888554695,-0.443528535379949,-0.531085131174725,-0.250149409394752,-0.32816711760455,-0.464460308848249,0.0146070243683573,-0.254556746904336
"C_0024","Control",-0.362039005527116,-0.205697133382202,0.055646444967245,-0.246416834408204,-0.384352838638662,-0.388932663962452,-0.252015788523246,-0.52669341427028,-0.259965057278677,-0.250889561074268,0.0243956143618205,-0.483289978583965,0.117454554981225,0.0522490814657074,-0.533701953005787,-0.434091744930142,-0.52041380690829,-0.194300411574888,-0.319804968314257,-0.516133954122252,-0.115905858421688,-0.194411123692381
"C_0025","Control",-0.218986798977724,-0.287267508039442,-0.0021119747523523,-0.158277971617919,-0.3710196409799,-0.398860957819616,-0.27315129330336,-0.559715588532503,-0.298060231479709,-0.281226592652687,0.0276182408770959,-0.503715592282254,0.0321354536103861,-0.0312676282735167,-0.502164859429767,-0.40976861056859,-0.543119592066362,-0.180776256279533,-0.311608509750653,-0.490105338751093,0.0515645559027552,-0.268629207207266
"C_0026","Control",-0.260355455374722,-0.175127728232562,0.0139510071758265,-0.19496044641478,-0.399420351068846,-0.366549122297886,-0.232612116436162,-0.512957625063634,-0.235176865485619,-0.17966733183917,0.0224182267495293,-0.459213550793401,0.14955481094253,0.0991195906619331,-0.529548630414302,-0.427337210468291,-0.520901839013059,-0.185847903945788,-0.304537646830951,-0.458795199532073,-0.139065911516577,-0.254888582171678
"C_0029","Control",-0.250115464881455,-0.00462555479929275,0.0055607889035727,-0.10089854334519,-0.414267537643281,-0.215958873861431,0.0710925529994108,-0.508341311302328,-0.0626709501418617,0.187704300305876,0.0322138392047148,-0.245652078950909,0.190102502683127,0.16946215219007,-0.568266044402719,-0.47134143010974,-0.536211285087277,-0.232772870643233,-0.255321548851403,-0.427138954138178,0.173770793509831,-0.213625895509715
"C_0031","Control",-0.254220741452663,-0.308791191439298,0.0287299812068418,-0.229011888490565,-0.343490163665731,-0.425303464122374,-0.387976611022276,-0.570165068793022,-0.304372452155804,-0.296334842063918,0.0456912423224331,-0.536877980322896,-0.0754989572774129,-0.0527625825334766,-0.532786814129697,-0.392311923076551,-0.529160968725284,-0.188218154986901,-0.318100772183132,-0.54760204810551,-0.203899981122635,-0.309381801627255
"C_0032","Control",-0.343454682619644,-0.290147099752673,0.00485633824832483,-0.212262639228545,-0.403809354222366,-0.435248066084137,-0.324361702159294,-0.574611293673626,-0.302280613790206,-0.345521324009829,0.0267960934400045,-0.530747049904233,0.0619830600305474,0.0100120907846044,-0.484002872504291,-0.414489647070086,-0.525739731021831,-0.165741377935879,-0.246242841668639,-0.503639321072297,-0.211854649814801,-0.248224039985955
"C_0035","Control",-0.406037203788954,-0.363801361944207,0.0167282937702909,-0.253404934192205,-0.3472306255788,-0.428870519462502,-0.337293336924819,-0.510161702901158,-0.292110625654312,-0.291668727704999,0.0590069795044822,-0.514541042129619,0.0995037539502314,0.0144227107493293,-0.560944933394,-0.407904415988702,-0.530428362058182,-0.144479890541519,-0.355546672372599,-0.508280053759169,-0.140755398672436,-0.274627973288544
"C_0038","Control",-0.282119354088486,-0.303358524089271,-0.0187611664791937,-0.204792624430685,-0.392473066395608,-0.381128168506337,-0.321251771261239,-0.549960429363019,-0.304935107778668,-0.314557107747311,0.0296031791289263,-0.517829447049615,-0.0402309128988732,-0.0626641640908032,-0.560522561605035,-0.383670665347268,-0.553016084135904,-0.158342981645981,-0.316524290629435,-0.476507147035973,-0.0928865959231203,-0.233556321615323
"C_0039","Control",-0.205750389969617,-0.171753522705766,0.00468133840771727,-0.19181782825284,-0.375578513172186,-0.397345899179062,-0.289704218922089,-0.577134613404766,-0.208500794515168,-0.241781020910725,0.0230833701241766,-0.473593083077535,0.062968594204798,0.127385924065094,-0.527436771469479,-0.425781039303742,-0.503828343962842,-0.203744023830494,-0.222854909367937,-0.459074751648265,-0.171518143968687,-0.266202615728429
"C_0050","Control",-0.419217047856841,-0.183851921250921,0.00787556795301621,-0.218534598270379,-0.399237548675812,-0.360777951579801,-0.144854408387358,-0.58136945046939,-0.200653561704117,-0.0416799771451721,0.0232925821203291,-0.446966587430208,0.162859522294914,0.116221750430403,-0.565309441879967,-0.432342410418686,-0.547087394448398,-0.182236974484734,-0.277745144128531,-0.512149976670475,-0.138221167938648,-0.212773961172109
"C_0053","Control",-0.202735873421732,-0.168362854884315,0.0197451647535054,-0.181015139883346,-0.413511917505054,-0.331680384331861,-0.11748518129202,-0.579302926685091,-0.172014829246158,-0.0394687924831073,0.0237679783807156,-0.36538799847965,0.0357960091147454,0.126468445012981,-0.502798417113214,-0.407889489956186,-0.546277780121967,-0.179709672923087,-0.252202239891503,-0.427394778803636,0.0363591715000315,-0.24003886219399
"C_0060","Control",-0.235153100785767,0.0206831685219151,0.00343320342269194,-0.202550629116446,-0.417064764644627,-0.333884931324785,-0.113594663549809,-0.560369055178819,-0.0726594262986068,-0.11865443257713,0.0228880283344197,-0.470118394679765,0.131604009911537,0.182327372567238,-0.552849474105513,-0.433479508683848,-0.520801808525045,-0.213451453871641,-0.150571508724232,-0.475447594344502,-0.157157503143892,-0.220088498940441
"C_0061","Control",-0.225318844815257,-0.138195371586195,-0.0413338376161643,-0.195046047828543,-0.43340843554488,-0.364287870759595,-0.206360531661575,-0.556945218118432,-0.19511673558568,-0.196704353927822,0.0253106447394476,-0.471630760849224,0.184189297637623,0.238174432730013,-0.570096322154899,-0.412173585864128,-0.506041537088541,-0.18333646276301,-0.228560334409418,-0.491690045029663,-0.169617470918346,-0.249041547882205
"C_0062","Control",-0.312922141677731,-0.146571681140564,0.0148434994800433,-0.195171824836839,-0.411925071378964,-0.349310798970188,-0.189832514185245,-0.527654929958217,-0.195076439259072,-0.138113772617202,0.0236211501253566,-0.405822641965458,0.147020580208743,0.147581046954212,-0.581781941649584,-0.390253642100154,-0.524082405436098,-0.144009436207482,-0.246406450300802,-0.493243852143264,-0.201928912774134,-0.198424333380565
"C_0065","Control",-0.22382853023025,-0.13057062871442,-0.0970527404223949,-0.0039259062340483,-0.391932495955945,-0.23266411018734,-0.111051233895365,-0.554802274154812,-0.172916268820995,0.0169038940365776,0.0229307215761101,-0.396451567096108,-0.0028510095755107,0.196757977921881,-0.566858138439504,-0.307112109287782,-0.523869406247508,-0.269275491871305,-0.0369670249551059,-0.475521868447056,0.0353032420276201,-0.214612576800401
"C_0069","Control",-0.35892642721691,-0.313376031299345,0.0344916581222356,-0.295366024272358,-0.382540080960707,-0.439320212305647,-0.31641844298319,-0.53225497007157,-0.320973590100396,-0.27370021634295,0.0202259402758632,-0.485830016091454,0.0906339463819759,-0.0345137825269214,-0.527014399680515,-0.394603235737022,-0.511506926995477,-0.129396464718557,-0.332336933529071,-0.524463257138447,-0.220513271488574,-0.218878098607244
"C_0070","Control",-0.392967568411387,0.0444715931433078,0.0926903027157415,-0.246539382855091,-0.399378866235947,-0.320208536025429,-0.258088223808117,-0.524985659882268,-0.0738601035266711,-0.220784010209693,0.0268906296814231,-0.472370800761061,0.208475675503085,0.183512739454615,-0.558340307362052,-0.442458546106773,-0.504159252828406,-0.23548992809727,-0.268901999486479,-0.475367520249124,-0.348491923544832,-0.215471468412833
"C_0075","Control",-0.288228680285392,-0.0986340925480717,0.0424165293654468,-0.277933828411094,-0.371013150646537,-0.463247171773409,-0.411753275596191,-0.588116926126301,-0.172134349526033,-0.347908292775523,0.0217467126671838,-0.419321924468524,0.170039842707311,0.108754555699203,-0.522297914703744,-0.431355194570718,-0.531104757268288,-0.236950386663643,-0.232941516231191,-0.484774213850537,-0.351800502558388,-0.187106785279649
"C_0076","Control",-0.436621252570216,-0.32936660709487,0.0256941037132872,-0.282238470881684,-0.368922398613605,-0.293600196311443,-0.34143433708818,-0.540998982878136,-0.313389903081779,-0.324666131835997,0.0220715801000244,-0.517692186421295,0.110767001655953,0.0120531386683345,-0.574320040044544,-0.401128470081315,-0.5204469700294,-0.162876497068358,-0.293090964860524,-0.503945843611621,-0.246418741211733,-0.217939440093247
"C_0081","Control",-0.406400802762519,-0.186952554309375,-0.00584739342140087,-0.195735311570527,-0.37780702789789,-0.418750642604662,-0.209655575690786,-0.522725710478143,-0.235708798021567,-0.225546338532412,0.0249386489598301,-0.46910674807475,0.184752460022909,0.0112368829826204,-0.562352839357215,-0.459708019796806,-0.533128796005086,-0.168436549736286,-0.270684527247166,-0.503159005378968,-0.0934497583084062,-0.205120512623401
"C_0082","Control",-0.236708876145117,-0.304161093646906,-0.0416724714064389,-0.182389098864476,-0.369822168026005,-0.356907506643627,-0.277388390688195,-0.585582546267485,-0.269438427979258,-0.252671454633587,0.0267198621571614,-0.518301945669031,0.0732463077362687,-0.0531622002577749,-0.492309517687261,-0.429412705513252,-0.547341070445975,-0.200974781040879,-0.287485872437138,-0.459003830352469,-0.0503678358340224,-0.294073738803749
"C_0083","Control",-0.283431666074205,-0.255847848092741,-0.00287461881671688,-0.198725166635473,-0.403554231613134,-0.373570426301642,-0.335772935623205,-0.524586135714855,-0.289612191729983,-0.290787624610488,0.0224464169818284,-0.500789900307924,0.100700474018964,0.0369278373545385,-0.524057797157763,-0.405371168054453,-0.523415850756717,-0.175265601482991,-0.211266100248167,-0.501118877965169,-0.15046994981862,-0.199895101120012
"C_0087","Control",-0.317667660422886,-0.305420267220815,-0.0232994512844655,-0.146054992378109,-0.376944674782279,-0.38775182410688,-0.241287479809416,-0.569742672149886,-0.287691255593002,-0.243815578373134,0.0241105506484879,-0.470453188761525,0.0821161153045243,0.0459373240303725,-0.558973865045499,-0.409696927958313,-0.525590932848217,-0.1751258759896,-0.255521469828216,-0.479455389679575,-0.11604664901801,-0.222049606414986
"P_0003","PD",-0.284345784506671,-0.337167867839819,0.0511932974188683,-0.25264078110432,-0.383814100159547,-0.378555561758185,-0.333159738173405,-0.565803944318373,-0.309062404045886,-0.282208541915403,0.0208434515976569,-0.519627466431014,0.0616310835397436,0.146363208327771,-0.495125329613691,-0.411939150355784,-0.50293946333004,-0.163822366823589,-0.272502414441728,-0.530488910775497,-0.226426476534078,-0.25228760178371
"P_0006","PD",-0.220184035357934,-0.164386207835787,0.0219812102807005,-0.179019350068498,-0.407982543860825,-0.383828731424445,-0.185834211772356,-0.549007746628236,-0.181891125810334,-0.0745765931103859,0.0281624512554649,-0.463155147435401,0.163845056469164,0.211301553660129,-0.4866778938344,-0.453012453815083,-0.538575502809551,-0.191307308692566,-0.306317337579011,-0.515816700709529,-0.0704304958098383,-0.161093278117448
"P_0013","PD",-0.213300868667212,-0.147191020687055,0.00485134318823145,-0.200066285244052,-0.406597299089745,-0.362588965170328,-0.214871852864173,-0.558021899118361,-0.17906862801749,-0.182550970217121,0.0300866144696827,-0.479778583592531,0.135475751310379,0.0867464092226851,-0.511809015277791,-0.374755007960235,-0.555831863407202,-0.169703212526485,-0.268353748065735,-0.507258813556811,-0.0439618637013933,-0.26368283556402
"P_0014","PD",-0.189502672352138,-0.133843973528335,0.00176792670513101,-0.133920693357071,-0.42544233404353,-0.348584632978258,-0.157834378628625,-0.491012065807511,-0.14213860726675,-0.153922986517037,0.0256314195390258,-0.486281212148568,0.078666745694647,0.208655378861317,-0.57579834130592,-0.458374020633296,-0.524714973074136,-0.247436895873506,-0.267986428067842,-0.52979776076824,-0.0443842354903579,-0.21133048023892
"P_0015","PD",-0.143590618077324,-0.130809570596758,0.024096001881158,-0.154092900331038,-0.409450157524699,-0.373611383517475,-0.203168196951855,-0.51220588407819,-0.157148389024329,-0.170496626510816,0.0276770685600522,-0.467149849240388,0.00489247322217274,0.137674742895189,-0.54334610885381,-0.444804943310618,-0.527381623186341,-0.275263535713311,-0.241542568641242,-0.547320148696703,0.144556744773117,-0.250393315673004
"P_0016","PD",-0.307654751224802,-0.302645029794886,0.031815826289862,-0.211615308235515,-0.416179260909062,-0.357393110770182,-0.201422623717136,-0.491932785933074,-0.298244311430248,-0.210892039506875,0.0226788281797139,-0.486680250276364,0.105980121381021,0.0353298151988177,-0.544965200711508,-0.416550950349919,-0.536653672816651,-0.143790815803421,-0.356070192351563,-0.512943921171885,0.0519869276917198,-0.228876341835649
"P_0018","PD",-0.200181184653708,-0.0746687028641693,0.0200528682569266,-0.129768158144052,-0.421671972470405,-0.325948361991543,-0.0919011846464959,-0.552834008142987,-0.118352416342184,0.04948063991686,0.0206076234504796,-0.40324530735132,0.160395686859287,0.163828829666867,-0.513287316539167,-0.436469800367547,-0.562472501157651,-0.209915822086063,-0.262699850290044,-0.510860099324145,0.170462214496275,-0.245766194029054
"P_0019","PD",-0.176321539691089,0.0509493887547912,0.0124140430856005,-0.162475539946547,-0.441066399891181,-0.38384106521425,-0.0909599813942699,-0.523604832603316,-0.0711542265892934,0.07667138845058,0.0274830478991274,-0.360068930483528,0.0552251114071146,0.127161908433577,-0.478582434545913,-0.442212260616361,-0.513302890656239,-0.112536273598687,-0.245421392556014,-0.500256472107812,0.306184349350217,-0.209755480732582
"P_0020","PD",-0.160087690219469,-0.113546680770704,0.0110963861500962,-0.126640735821016,-0.425979680149944,-0.323905095573135,-0.0464888008111866,-0.591249701229559,-0.143788507613463,-0.132326532693958,0.0243200084296266,-0.461585691317941,0.0268558062483291,0.090471439541434,-0.565027860687324,-0.438870478867946,-0.530619613165853,-0.203763465722188,-0.275845452554545,-0.492124135409178,0.00531484501113721,-0.212699698950263
"P_0021","PD",-0.133951106029113,-0.0423375735054847,-0.0950256816299499,0.0679810286019405,-0.440216629464595,-0.177887690931844,0.0576421051316211,-0.57671221676163,0.00993513467588447,0.165238684192307,0.0336254852292883,-0.423455212418152,-0.109288700394577,0.164114184590519,-0.479427178123842,-0.465470257125716,-0.505372264189579,-0.336149834281,-0.126435253025234,-0.418273501616903,0.408750298770441,-0.248923846225822
"P_0022","PD",-0.259149794829141,0.123046031337911,0.0410758937191705,-0.0865571588789424,-0.440865360641524,-0.186403579106393,-0.00950085154351251,-0.45056355835751,0.0116131402628018,0.148919051768503,0.0275670781531889,-0.309741960679104,0.254303014605738,0.191601440447364,-0.55073761516069,-0.463903521491619,-0.55989981732654,-0.236288624765835,-0.277083366948052,-0.458336232843778,0.132096776998662,-0.149488006838548
"P_0023","PD",-0.360162963897023,0.095655998475601,-0.0871331093098192,-0.079666230968784,-0.40436346174415,-0.16141000252887,0.155642545348991,-0.541719076515982,-0.00779090260311856,0.0636866100154874,0.0196945783709854,-0.307838597440549,0.173489212317188,0.170635555280568,-0.501672092342642,-0.474605530601473,-0.530401776373458,-0.100843213322245,-0.343249173727292,-0.486401330320979,0.0773292350295926,-0.230248756452449
"P_0026","PD",-0.255716647176692,0.0751101347394678,0.0600480553517319,-0.108976096284458,-0.391590429984286,-0.292014406072632,-0.02575252038423,-0.561899183167918,-0.000191688564852922,0.0402746018482366,0.0215032819955946,-0.386797695189322,0.147161370805065,0.247761798619228,-0.497096397962193,-0.481962333178481,-0.525284023794788,-0.248977651239895,-0.297846044819258,-0.470992821151679,0.18292218227073,-0.161322468086683
"P_0027","PD",-0.368870739621152,-0.0760122318396051,0.047438442586159,-0.212580299847777,-0.412206199009255,-0.32518548345358,-0.0679662433385653,-0.56231010601069,-0.132120289964279,-0.02114016864021,0.0212936995832794,-0.37602864466249,0.200028239723794,0.111988303090488,-0.571785809310757,-0.401776643921583,-0.533344727741865,-0.163310261792214,-0.351849061497298,-0.482434081027376,-0.118792065646279,-0.193393197867897
"P_0028","PD",-0.199408920461053,0.0163474724853061,0.0290635629647637,-0.153810750494354,-0.429384497458444,-0.288627085315409,-0.0531346746856628,-0.543800237909241,-0.0679667090793142,-0.0277940480011341,0.0231654438135458,-0.417212287425423,0.115061114843759,0.252255601430122,-0.517933406217777,-0.436930017493287,-0.553030832340282,-0.223179165184441,-0.28303393448552,-0.47695815469446,0.0428355389308212,-0.193267191107367
"P_0029","PD",-0.197270914730824,-0.02475227967561,0.0198399158313948,-0.146725489010048,-0.408842393272677,-0.335673483387329,-0.0705910375076725,-0.520638090028453,-0.0867385267558581,-0.072401228210229,0.0457769042074363,-0.41741025625048,0.0770476538369496,0.177464823175804,-0.486748289132561,-0.460247674172942,-0.563174084573555,-0.247355323770103,-0.266128954769267,-0.471146920127934,-0.00221745189206386,-0.209330582687893
"P_0030","PD",-0.166750086934064,-0.0261767081703367,0.00868117135589037,-0.138962939732031,-0.440286419349947,-0.321126342547059,-0.0823081838233056,-0.56524121035971,-0.0885362713044313,0.0443587330702546,0.0258963869353665,-0.401408097689329,0.123578945921211,0.143535492220516,-0.556650820206194,-0.418882670973287,-0.531917586817822,-0.25359476297085,-0.217126648878401,-0.525878671708009,0.0899299934003683,-0.23353945632105
"P_0031","PD",-0.344874920113116,0.090716296638235,-0.0234063762045606,-0.0993832774117151,-0.409846331915748,-0.15495027829877,0.0811566324062612,-0.537743782531917,-0.0459205759107691,0.204252797537056,0.022510920273537,-0.243532612461834,0.268663655430533,0.210227417337505,-0.582697080525674,-0.46541558686134,-0.524650337812043,-0.190461502701422,-0.327746972975761,-0.438352983323962,0.00475168262585121,-0.232845111709413
"P_0033","PD",-0.137708919405159,0.0371209437518206,-0.0723617902787906,0.0487028071712376,-0.432158230141727,-0.24557607678785,-0.0431520297587188,-0.491750707832672,-0.0368124464808546,-0.114886972887146,0.0401538781275586,-0.30615053276117,-0.0973918950054086,0.160203260577175,-0.455422381451024,-0.483060184132569,-0.515930219393062,-0.21673955873396,-0.13765456120785,-0.410745535729459,0.366653910470308,-0.252385206585028
"P_0012","PD",-0.343913956369069,-0.296215461046067,0.0332500134709017,-0.274322833730543,-0.394202245180404,-0.385153857626247,-0.213544775560817,-0.577833243946225,-0.273610534023941,-0.189532743962329,0.0219059882225899,-0.451463752847175,0.0614902929434221,0.0199882087055473,-0.541304645207148,-0.40413640500911,-0.536419411156002,-0.179450623475279,-0.300725014111937,-0.500899296912155,-0.165182567134219,-0.236568727735477
"P_0034","PD",-0.279095707730715,-0.156718211357456,0.00902933653645862,-0.169232217459717,-0.401017473195859,-0.410158572951986,-0.257688353260765,-0.521233487567369,-0.179621167808526,-0.220707205405301,0.0221995675722262,-0.488739748262931,0.0488191392744856,0.137755461807814,-0.524339378350406,-0.455208395864099,-0.554929293464013,-0.197540239814275,-0.280194451542262,-0.566891494808719,-0.157579874932857,-0.232660804763221
"P_0063","PD",-0.206807612353588,-0.147335422373775,-0.00608257193624822,-0.188618696130009,-0.39248728194148,-0.463358719509792,-0.358032671253111,-0.5685344029429,-0.209220029123727,-0.318832521178289,0.0263680539928741,-0.422836784816032,0.110415025165149,0.0999641865175202,-0.562916001742501,-0.481473607707491,-0.526716246964713,-0.252592952641312,-0.219428999252923,-0.530494984058503,-0.229735055547634,-0.179713037501348
"P_0126","PD",-0.160914709330279,0.0401404819326656,0.00271774913828584,-0.197144438167766,-0.387617206810986,-0.410813191118755,-0.251053979975393,-0.574037038021769,-0.0773460222842813,-0.163273831748397,0.0262877193132128,-0.398224000784458,0.0214353682899508,0.224064844894226,-0.483932477206131,-0.438035409297649,-0.517569286419136,-0.257947218666347,-0.177592965236657,-0.470863401091645,-0.123649341219371,-0.215561812541828
"P_0130","PD",-0.171073791354636,0.0540331273824467,-0.034211893574056,-0.0841216361477762,-0.441473459857315,-0.28123781995685,-0.0624899235353726,-0.482424553355937,-0.0519654249682043,-0.108528134750991,0.0243307327032039,-0.288467240975462,0.14863967206644,0.26243093903549,-0.561085723990321,-0.431259415576709,-0.543567580632678,-0.273132160822509,-0.169977399123223,-0.418701583634148,-0.0767660726443066,-0.224975321307188
"P_0132","PD",-0.153665202943065,-0.0352627786246737,-0.0296644132012967,-0.140024152378198,-0.396000762969196,-0.335690309169146,-0.13883733844881,-0.535780800522587,-0.074798428593809,-0.0705005688592387,0.0279398006242437,-0.416096340718078,-0.0456513508572516,0.198763047422171,-0.509485970438486,-0.428400792853548,-0.536043851720217,-0.280853277951323,-0.246285931144525,-0.456995145890108,0.177994511399477,-0.276290004909474
"P_0133","PD",-0.193924311771987,0.0522587464540879,0.0157894327250219,-0.143121615588602,-0.410823648773681,-0.361398091438765,-0.0775002103242925,-0.520471059566102,-0.0479463171317517,-0.0256043885311513,0.0269962096245276,-0.312361478128783,0.293161219190477,0.271953176491339,-0.555313309541139,-0.45893002281144,-0.524685148974806,-0.216343923217749,-0.222568900912062,-0.487711138551633,-0.186864318967732,-0.249529825204056
"P_0134","PD",-0.36380184471028,-0.293786562950751,0.0153350028491407,-0.20596646648315,-0.397999754573321,-0.385073375466999,-0.226855002053511,-0.535272666940044,-0.288192725864034,-0.231998330742595,0.0207281476854314,-0.463969281026377,0.0940129206936924,0.0237867804404818,-0.4922391223891,-0.412300321798641,-0.526981298562796,-0.1635739576969,-0.302289308536271,-0.515266065986253,-0.0677554744797294,-0.23117311872719
"P_0135","PD",-0.18277329332139,-0.0420115012977433,0.0245745439535653,-0.126511288476293,-0.426440064412192,-0.324532923372677,-0.00227144572536786,-0.413115921055919,-0.0655302244268828,0.00765770290122416,0.0258316829891589,-0.394801806323155,0.129773732159357,0.270452536817783,-0.522086728809262,-0.475025845331025,-0.520963715325789,-0.248898656581441,-0.211886927977171,-0.455833416441616,0.0284045028078659,-0.184301989580837
"P_0136","PD",-0.210841212343261,0.104336613659499,-0.0331747215112047,-0.0396290222081601,-0.429133285184557,-0.183316659766373,0.0258577558121487,-0.588680121650482,-0.00690092806552986,0.0667467385215858,0.0290110779388225,-0.329524454258103,0.263313612770315,0.172541912020027,-0.547358640848974,-0.463133297366857,-0.525993929114881,-0.300680354471608,-0.126195583131148,-0.456410295161861,-0.0686706133558194,-0.146444996162601
